{"cameraMode":{"drawMode":0,"name":"Shaded","section":"Shading Mode"},"sceneLighting":true,"audioPlay":false,"sceneViewState":{"m_AlwaysRefresh":false,"showFog":true,"showSkybox":true,"showFlares":true,"showImageEffects":true,"showParticleSystems":true,"showVisualEffectGraphs":true,"m_FxEnabled":true},"in2DMode":false,"pivot":{"x":114.70238494873047,"y":47.872291564941409,"z":183.12107849121095},"rotation":{"x":-0.06775157898664475,"y":0.01406371034681797,"z":-0.0009569845860823989,"w":-0.9976122975349426},"size":431.7072448730469,"orthographic":false}